{"cameraMode":{"drawMode":0,"name":"Shaded","section":"Shading Mode"},"sceneLighting":true,"audioPlay":false,"sceneViewState":{"m_AlwaysRefresh":false,"showFog":true,"showSkybox":false,"showFlares":true,"showImageEffects":true,"showParticleSystems":true,"showVisualEffectGraphs":true,"m_FxEnabled":true},"in2DMode":false,"pivot":{"x":-124.99150085449219,"y":10.071500778198243,"z":8.626500129699707},"rotation":{"x":0.07140646129846573,"y":0.007175877690315247,"z":-0.0018591101979836822,"w":0.9974198937416077},"size":126.26625061035156,"orthographic":false}