{"cameraMode":{"drawMode":0,"name":"Shaded","section":"Shading Mode"},"sceneLighting":false,"audioPlay":false,"sceneViewState":{"m_AlwaysRefresh":false,"showFog":true,"showSkybox":false,"showFlares":true,"showImageEffects":true,"showParticleSystems":true,"showVisualEffectGraphs":true,"m_FxEnabled":true},"in2DMode":false,"pivot":{"x":2.1881964206695558,"y":5.5120391845703129,"z":62.507080078125},"rotation":{"x":-0.03147141635417938,"y":0.046327732503414157,"z":-0.0012181393103674055,"w":-0.9984424710273743},"size":14.902789115905762,"orthographic":false}