{"cameraMode":{"drawMode":0,"name":"Shaded","section":"Shading Mode"},"sceneLighting":false,"audioPlay":false,"sceneViewState":{"m_AlwaysRefresh":false,"showFog":true,"showSkybox":false,"showFlares":true,"showImageEffects":true,"showParticleSystems":true,"showVisualEffectGraphs":true,"m_FxEnabled":true},"in2DMode":false,"pivot":{"x":-4.727190017700195,"y":0.6136684417724609,"z":9.424089431762696},"rotation":{"x":0.010501975193619728,"y":-0.042129263281822208,"z":-0.0002010595635510981,"w":-0.9990688562393189},"size":15.737526893615723,"orthographic":false}