{"cameraMode":{"drawMode":0,"name":"Shaded","section":"Shading Mode"},"sceneLighting":false,"audioPlay":false,"sceneViewState":{"m_AlwaysRefresh":false,"showFog":true,"showSkybox":false,"showFlares":true,"showImageEffects":true,"showParticleSystems":true,"showVisualEffectGraphs":true,"m_FxEnabled":true},"in2DMode":false,"pivot":{"x":7.197215557098389,"y":2.1215429306030275,"z":27.55892562866211},"rotation":{"x":0.010501975193619728,"y":-0.042129263281822208,"z":-0.0002010595635510981,"w":-0.9990688562393189},"size":6.269506931304932,"orthographic":false}