{"cameraMode":{"drawMode":0,"name":"Shaded","section":"Shading Mode"},"sceneLighting":false,"audioPlay":false,"sceneViewState":{"m_AlwaysRefresh":false,"showFog":true,"showSkybox":false,"showFlares":true,"showImageEffects":true,"showParticleSystems":true,"showVisualEffectGraphs":true,"m_FxEnabled":true},"in2DMode":false,"pivot":{"x":18.115964889526368,"y":2.551837921142578,"z":6.8353424072265629},"rotation":{"x":-0.08838310837745667,"y":0.008845604956150055,"z":-0.0005426313146017492,"w":-0.9960591793060303},"size":1.7320507764816285,"orthographic":false}