{"cameraMode":{"drawMode":0,"name":"Shaded","section":"Shading Mode"},"sceneLighting":false,"audioPlay":false,"sceneViewState":{"m_AlwaysRefresh":false,"showFog":true,"showSkybox":false,"showFlares":true,"showImageEffects":true,"showParticleSystems":true,"showVisualEffectGraphs":true,"m_FxEnabled":true},"in2DMode":false,"pivot":{"x":12.015823364257813,"y":19.002666473388673,"z":82.43246459960938},"rotation":{"x":-0.013477595522999764,"y":-0.04062337800860405,"z":0.0007897949544712901,"w":-0.9990955591201782},"size":60.37747573852539,"orthographic":false}